<metadata xml:lang="he"><Esri><CreaDate>20170611</CreaDate><CreaTime>13262300</CreaTime><ArcGISFormat>1.0</ArcGISFormat><SyncOnce>FALSE</SyncOnce><DataProperties><itemProps><itemName Sync="TRUE">RAIL_STRATEGIC</itemName><imsContentType Sync="TRUE">002</imsContentType><itemLocation><linkage Sync="TRUE">file://\\mot.dom\GEOMOT\Ilya\SHP\RAIL_STRATEGIC.shp</linkage><protocol Sync="TRUE">Local Area Network</protocol></itemLocation><itemSize Sync="TRUE">0.000</itemSize></itemProps><coordRef><type Sync="TRUE">Projected</type><geogcsn Sync="TRUE">GCS_Israel</geogcsn><csUnits Sync="TRUE">Linear Unit: Meter (1.000000)</csUnits><projcsn Sync="TRUE">Israel_TM_Grid</projcsn><peXml Sync="TRUE">&lt;ProjectedCoordinateSystem xsi:type='typens:ProjectedCoordinateSystem' xmlns:xsi='http://www.w3.org/2001/XMLSchema-instance' xmlns:xs='http://www.w3.org/2001/XMLSchema' xmlns:typens='http://www.esri.com/schemas/ArcGIS/10.4'&gt;&lt;WKT&gt;PROJCS[&amp;quot;Israel_TM_Grid&amp;quot;,GEOGCS[&amp;quot;GCS_Israel&amp;quot;,DATUM[&amp;quot;D_Israel&amp;quot;,SPHEROID[&amp;quot;GRS_1980&amp;quot;,6378137.0,298.257222101]],PRIMEM[&amp;quot;Greenwich&amp;quot;,0.0],UNIT[&amp;quot;Degree&amp;quot;,0.0174532925199433]],PROJECTION[&amp;quot;Transverse_Mercator&amp;quot;],PARAMETER[&amp;quot;False_Easting&amp;quot;,219529.584],PARAMETER[&amp;quot;False_Northing&amp;quot;,626907.39],PARAMETER[&amp;quot;Central_Meridian&amp;quot;,35.20451694444445],PARAMETER[&amp;quot;Scale_Factor&amp;quot;,1.0000067],PARAMETER[&amp;quot;Latitude_Of_Origin&amp;quot;,31.73439361111111],UNIT[&amp;quot;Meter&amp;quot;,1.0],AUTHORITY[&amp;quot;EPSG&amp;quot;,2039]]&lt;/WKT&gt;&lt;XOrigin&gt;-5403700&lt;/XOrigin&gt;&lt;YOrigin&gt;-12887700&lt;/YOrigin&gt;&lt;XYScale&gt;450260905.33787519&lt;/XYScale&gt;&lt;ZOrigin&gt;-100000&lt;/ZOrigin&gt;&lt;ZScale&gt;10000&lt;/ZScale&gt;&lt;MOrigin&gt;-100000&lt;/MOrigin&gt;&lt;MScale&gt;10000&lt;/MScale&gt;&lt;XYTolerance&gt;0.001&lt;/XYTolerance&gt;&lt;ZTolerance&gt;0.001&lt;/ZTolerance&gt;&lt;MTolerance&gt;0.001&lt;/MTolerance&gt;&lt;HighPrecision&gt;true&lt;/HighPrecision&gt;&lt;WKID&gt;2039&lt;/WKID&gt;&lt;LatestWKID&gt;2039&lt;/LatestWKID&gt;&lt;/ProjectedCoordinateSystem&gt;</peXml></coordRef><lineage><Process ToolSource="c:\program files (x86)\arcgis\desktop10.1\ArcToolbox\Toolboxes\Conversion Tools.tbx\FeatureClassToFeatureClass" Date="20170611" Time="132624">FeatureClassToFeatureClass D:\FromMapi\110617\New_MOT_Project\Govmap.gdb\RailStrategic "Database Connections\sde.sde" RailStrategic_MOT # "OBJECTID "OBJECTID" true true false 4 Long 0 0 ,First,#,D:\FromMapi\110617\New_MOT_Project\Govmap.gdb\RailStrategic,OBJECTID,-1,-1;ID "ID" true true false 8 Double 0 0 ,First,#,D:\FromMapi\110617\New_MOT_Project\Govmap.gdb\RailStrategic,ID,-1,-1;LENGTH "LENGTH" true true false 4 Float 0 0 ,First,#,D:\FromMapi\110617\New_MOT_Project\Govmap.gdb\RailStrategic,LENGTH,-1,-1;DIR "DIR" true true false 2 Short 0 0 ,First,#,D:\FromMapi\110617\New_MOT_Project\Govmap.gdb\RailStrategic,DIR,-1,-1;AB_FREQ "AB_FREQ" true true false 8 Double 0 0 ,First,#,D:\FromMapi\110617\New_MOT_Project\Govmap.gdb\RailStrategic,AB_FREQ,-1,-1;BA_FREQ "BA_FREQ" true true false 8 Double 0 0 ,First,#,D:\FromMapi\110617\New_MOT_Project\Govmap.gdb\RailStrategic,BA_FREQ,-1,-1;AB_FLOW "AB_FLOW" true true false 4 Float 0 0 ,First,#,D:\FromMapi\110617\New_MOT_Project\Govmap.gdb\RailStrategic,AB_FLOW,-1,-1;BA_FLOW "BA_FLOW" true true false 4 Float 0 0 ,First,#,D:\FromMapi\110617\New_MOT_Project\Govmap.gdb\RailStrategic,BA_FLOW,-1,-1;Freq_All "Freq_All" true true false 8 Double 0 0 ,First,#,D:\FromMapi\110617\New_MOT_Project\Govmap.gdb\RailStrategic,Freq_All,-1,-1;Flow_All "Flow_All" true true false 8 Double 0 0 ,First,#,D:\FromMapi\110617\New_MOT_Project\Govmap.gdb\RailStrategic,Flow_All,-1,-1;Year "Year" true true false 4 Long 0 0 ,First,#,D:\FromMapi\110617\New_MOT_Project\Govmap.gdb\RailStrategic,Year,-1,-1;Status "Status" true true false 50 Text 0 0 ,First,#,D:\FromMapi\110617\New_MOT_Project\Govmap.gdb\RailStrategic,Status,-1,-1;Upgrade "Upgrade" true true false 50 Text 0 0 ,First,#,D:\FromMapi\110617\New_MOT_Project\Govmap.gdb\RailStrategic,Upgrade,-1,-1;Shape_Leng "Shape_Leng" true true false 8 Double 0 0 ,First,#,D:\FromMapi\110617\New_MOT_Project\Govmap.gdb\RailStrategic,Shape_Leng,-1,-1;FID_1 "FID_1" true true false 4 Long 0 0 ,First,#,D:\FromMapi\110617\New_MOT_Project\Govmap.gdb\RailStrategic,FID_1,-1,-1;OBJECTID_1 "OBJECTID_1" true true false 4 Long 0 0 ,First,#,D:\FromMapi\110617\New_MOT_Project\Govmap.gdb\RailStrategic,OBJECTID_1,-1,-1;DIR_1 "DIR_1" true true false 2 Short 0 0 ,First,#,D:\FromMapi\110617\New_MOT_Project\Govmap.gdb\RailStrategic,DIR_1,-1,-1;AB "AB" true true false 4 Long 0 0 ,First,#,D:\FromMapi\110617\New_MOT_Project\Govmap.gdb\RailStrategic,AB,-1,-1;BA "BA" true true false 4 Long 0 0 ,First,#,D:\FromMapi\110617\New_MOT_Project\Govmap.gdb\RailStrategic,BA,-1,-1;Shape_Le_1 "Shape_Le_1" true true false 8 Double 0 0 ,First,#,D:\FromMapi\110617\New_MOT_Project\Govmap.gdb\RailStrategic,Shape_Le_1,-1,-1;ABBA "ABBA" true true false 4 Float 0 0 ,First,#,D:\FromMapi\110617\New_MOT_Project\Govmap.gdb\RailStrategic,ABBA,-1,-1;Length_clc "Length_clc" true true false 2 Short 0 0 ,First,#,D:\FromMapi\110617\New_MOT_Project\Govmap.gdb\RailStrategic,Length_clc,-1,-1;ID_1 "ID_1" true true false 8 Double 0 0 ,First,#,D:\FromMapi\110617\New_MOT_Project\Govmap.gdb\RailStrategic,ID_1,-1,-1;Shape_Length "Shape_Length" false true true 8 Double 0 0 ,First,#,D:\FromMapi\110617\New_MOT_Project\Govmap.gdb\RailStrategic,Shape_Length,-1,-1" #</Process><Process ToolSource="c:\program files (x86)\arcgis\desktop10.1\ArcToolbox\Toolboxes\Data Management Tools.tbx\CopyFeatures" Date="20170726" Time="162707">CopyFeatures SDE.RailStrategic_MOT "D:\New File Geodatabase (2).gdb\SDE_RailStrategic_MOT" # 0 0 0</Process><Process ToolSource="c:\program files (x86)\arcgis\desktop10.6\ArcToolbox\Toolboxes\Data Management Tools.tbx\CalculateField" Date="20181018" Time="142104">CalculateField "מקטעי מסילה - שלביות אסטרטגית" Active_ind "לא פעיל" VB #</Process><Process ToolSource="c:\program files (x86)\arcgis\desktop10.6\ArcToolbox\Toolboxes\Data Management Tools.tbx\CalculateField" Date="20181018" Time="142727">CalculateField "מקטעי מסילה - שלביות אסטרטגית" Active_ind "לא פעיל" VB #</Process><Process ToolSource="c:\program files (x86)\arcgis\desktop10.6\ArcToolbox\Toolboxes\Data Management Tools.tbx\CalculateField" Date="20181018" Time="143352">CalculateField "מקטעי מסילה - שלביות אסטרטגית" Active_ind "פעיל" VB #</Process><Process ToolSource="c:\program files (x86)\arcgis\desktop10.6\ArcToolbox\Toolboxes\Data Management Tools.tbx\CalculateField" Date="20181018" Time="143738">CalculateField "מקטעי מסילה - שלביות אסטרטגית" Active_ind "לא פעיל" VB #</Process><Process ToolSource="c:\program files (x86)\arcgis\desktop10.6\ArcToolbox\Toolboxes\Data Management Tools.tbx\CalculateField" Date="20181018" Time="144127">CalculateField "מקטעי מסילה - שלביות אסטרטגית" Active_ind "לא פעיל" VB #</Process><Process ToolSource="c:\program files (x86)\arcgis\desktop10.6\ArcToolbox\Toolboxes\Data Management Tools.tbx\CalculateField" Date="20181018" Time="144149">CalculateField "מקטעי מסילה - שלביות אסטרטגית" Active_ind "פעיל" VB #</Process><Process ToolSource="c:\program files (x86)\arcgis\desktop10.6\ArcToolbox\Toolboxes\Data Management Tools.tbx\CalculateField" Date="20181018" Time="144639">CalculateField "מקטעי מסילה - שלביות אסטרטגית" UPGRADE "לגריעה" VB #</Process><Process ToolSource="c:\program files (x86)\arcgis\desktop10.6\ArcToolbox\Toolboxes\Data Management Tools.tbx\CalculateField" Date="20181018" Time="144847">CalculateField "מקטעי מסילה - שלביות אסטרטגית" UPGRADING "פתיחה עד 2030" VB #</Process><Process ToolSource="c:\program files (x86)\arcgis\desktop10.6\ArcToolbox\Toolboxes\Data Management Tools.tbx\CalculateField" Date="20181018" Time="144948">CalculateField "מקטעי מסילה - שלביות אסטרטגית" UPGRADING "פתיחה בין 2030 ל-2040" VB #</Process><Process ToolSource="c:\program files (x86)\arcgis\desktop10.6\ArcToolbox\Toolboxes\Data Management Tools.tbx\CalculateField" Date="20181018" Time="145009">CalculateField "מקטעי מסילה - שלביות אסטרטגית" UPGRADING [UPGRADE] VB #</Process><Process ToolSource="c:\program files (x86)\arcgis\desktop10.6\ArcToolbox\Toolboxes\Data Management Tools.tbx\CalculateField" Date="20181018" Time="145111">CalculateField "מקטעי מסילה - שלביות אסטרטגית" UPGRADING "שדרוג עד 2030" VB #</Process><Process ToolSource="c:\program files (x86)\arcgis\desktop10.6\ArcToolbox\Toolboxes\Data Management Tools.tbx\CalculateField" Date="20181018" Time="145204">CalculateField "מקטעי מסילה - שלביות אסטרטגית" UPGRADING "שדרוג בין 2030 ל-2040" VB #</Process><Process ToolSource="c:\program files (x86)\arcgis\desktop10.6\ArcToolbox\Toolboxes\Data Management Tools.tbx\CalculateField" Date="20181018" Time="151504">CalculateField "מקטעי מסילה - שלביות אסטרטגית" Active_ind "לא פעיל" VB #</Process><Process ToolSource="c:\program files (x86)\arcgis\desktop10.6\ArcToolbox\Toolboxes\Data Management Tools.tbx\CalculateField" Date="20181018" Time="151542">CalculateField "מקטעי מסילה - שלביות אסטרטגית" Active_ind "לא פעיל" VB #</Process><Process ToolSource="c:\program files (x86)\arcgis\desktop10.6\ArcToolbox\Toolboxes\Data Management Tools.tbx\CalculateField" Date="20181018" Time="161828">CalculateField "מקטעי מסילה - שלביות אסטרטגית" Active_ind "לא פעיל" VB #</Process><Process ToolSource="c:\program files (x86)\arcgis\desktop10.2\ArcToolbox\Toolboxes\Data Management Tools.tbx\CalculateField" Date="20181024" Time="164200">CalculateField "תשתיות תחבורה\מקטעי מסילה - שלביות אסטרטגית" Active_ind "לא פעיל" VB #</Process><Process ToolSource="c:\program files (x86)\arcgis\desktop10.2\ArcToolbox\Toolboxes\Data Management Tools.tbx\CalculateField" Date="20181024" Time="164313">CalculateField "תשתיות תחבורה\מקטעי מסילה - שלביות אסטרטגית" UPGRADING "פתיחה עד 2030" VB #</Process><Process ToolSource="c:\program files (x86)\arcgis\desktop10.2\ArcToolbox\Toolboxes\Data Management Tools.tbx\CalculateField" Date="20181024" Time="164435">CalculateField "תשתיות תחבורה\מקטעי מסילה - שלביות אסטרטגית" Active_ind "לא פעיל" VB #</Process><Process ToolSource="c:\program files (x86)\arcgis\desktop10.2\ArcToolbox\Toolboxes\Data Management Tools.tbx\CalculateField" Date="20181024" Time="164457">CalculateField "תשתיות תחבורה\מקטעי מסילה - שלביות אסטרטגית" UPGRADING "פתיחה עד 2030" VB #</Process><Process ToolSource="c:\program files (x86)\arcgis\desktop10.2\ArcToolbox\Toolboxes\Data Management Tools.tbx\CalculateField" Date="20181024" Time="165359">CalculateField "תשתיות תחבורה\מקטעי מסילה - שלביות אסטרטגית" Active_ind "לא פעיל" VB #</Process><Process ToolSource="c:\program files (x86)\arcgis\desktop10.2\ArcToolbox\Toolboxes\Data Management Tools.tbx\CalculateField" Date="20181024" Time="165424">CalculateField "תשתיות תחבורה\מקטעי מסילה - שלביות אסטרטגית" UPGRADING "פתיחה עד 2030" VB #</Process><Process ToolSource="c:\program files (x86)\arcgis\desktop10.4\ArcToolbox\Toolboxes\Data Management Tools.tbx\CalculateField" Date="20190326" Time="080802">CalculateField "מסילות רכבת כבדה - תכנית אסטרטגית" SEGMENT ""קרית גת - להבים" &amp; "_" &amp; [OBJECTID]" VB #</Process><Process ToolSource="c:\program files (x86)\arcgis\desktop10.4\ArcToolbox\Toolboxes\Data Management Tools.tbx\CalculateField" Date="20190326" Time="080904">CalculateField "מסילות רכבת כבדה - תכנית אסטרטגית" SEGMENT ""קרית מלאכי - קרית גת" &amp; "_" &amp; [OBJECTID]" VB #</Process><Process ToolSource="c:\program files (x86)\arcgis\desktop10.4\ArcToolbox\Toolboxes\Data Management Tools.tbx\CalculateField" Date="20190326" Time="080949">CalculateField "מסילות רכבת כבדה - תכנית אסטרטגית" SEGMENT ""כפר מנחם - קרית מלאכי" &amp; "_" &amp; [OBJECTID]" VB #</Process><Process ToolSource="c:\program files (x86)\arcgis\desktop10.4\ArcToolbox\Toolboxes\Data Management Tools.tbx\CalculateField" Date="20190326" Time="081044">CalculateField "מסילות רכבת כבדה - תכנית אסטרטגית" SEGMENT ""להבים - באר שבע צפון" &amp; "_" &amp; [OBJECTID]" VB #</Process><Process ToolSource="c:\program files (x86)\arcgis\desktop10.4\ArcToolbox\Toolboxes\Data Management Tools.tbx\CalculateField" Date="20190326" Time="081109">CalculateField "מסילות רכבת כבדה - תכנית אסטרטגית" SEGMENT ""להבים - באר שבע צפון" &amp; "_" &amp; [OBJECTID]" VB #</Process><Process ToolSource="c:\program files (x86)\arcgis\desktop10.4\ArcToolbox\Toolboxes\Data Management Tools.tbx\CalculateField" Date="20190326" Time="081233">CalculateField "מסילות רכבת כבדה - תכנית אסטרטגית" SEGMENT ""באר שבע צפון - באר שבע אוניברסיטה" &amp; "_" &amp; [OBJECTID]" VB #</Process><Process ToolSource="c:\program files (x86)\arcgis\desktop10.4\ArcToolbox\Toolboxes\Data Management Tools.tbx\CalculateField" Date="20190326" Time="081336">CalculateField "מסילות רכבת כבדה - תכנית אסטרטגית" SEGMENT ""באר שבע אוניברסיטה - באר שבע מרכז" &amp; "_" &amp; [OBJECTID]" VB #</Process><Process ToolSource="c:\program files (x86)\arcgis\desktop10.4\ArcToolbox\Toolboxes\Data Management Tools.tbx\CalculateField" Date="20190331" Time="144220">CalculateField "מסילות רכבת כבדה - תכנית אסטרטגית" SEGMENT ""באר שבע מרכז_דימונה_" &amp; [OBJECTID]" VB #</Process><Process ToolSource="c:\program files (x86)\arcgis\desktop10.4\ArcToolbox\Toolboxes\Data Management Tools.tbx\CalculateField" Date="20190331" Time="144325">CalculateField "מסילות רכבת כבדה - תכנית אסטרטגית" SEGMENT ""באר שבע אוניברסיטה-דימונה_" &amp; [OBJECTID]" VB #</Process><Process ToolSource="c:\program files (x86)\arcgis\desktop10.4\ArcToolbox\Toolboxes\Data Management Tools.tbx\CalculateField" Date="20190331" Time="144448">CalculateField "מסילות רכבת כבדה - תכנית אסטרטגית" SEGMENT ""ירוחם-דימונה" &amp; "_" &amp; [OBJECTID]" VB #</Process><Process ToolSource="c:\program files (x86)\arcgis\desktop10.4\ArcToolbox\Toolboxes\Data Management Tools.tbx\CalculateField" Date="20190331" Time="144533">CalculateField "מסילות רכבת כבדה - תכנית אסטרטגית" SEGMENT ""דימונה-חצבה" &amp; "_" &amp; [OBJECTID]" VB #</Process><Process ToolSource="c:\program files (x86)\arcgis\desktop10.4\ArcToolbox\Toolboxes\Data Management Tools.tbx\CalculateField" Date="20190331" Time="144608">CalculateField "מסילות רכבת כבדה - תכנית אסטרטגית" SEGMENT ""חצבה-מרכז ספיר" &amp; "_" &amp; [OBJECTID]" VB #</Process><Process ToolSource="c:\program files (x86)\arcgis\desktop10.4\ArcToolbox\Toolboxes\Data Management Tools.tbx\CalculateField" Date="20190331" Time="144634">CalculateField "מסילות רכבת כבדה - תכנית אסטרטגית" SEGMENT ""מרכז ספיר-פארן" &amp; "_" &amp; [OBJECTID]" VB #</Process><Process ToolSource="c:\program files (x86)\arcgis\desktop10.4\ArcToolbox\Toolboxes\Data Management Tools.tbx\CalculateField" Date="20190331" Time="144702">CalculateField "מסילות רכבת כבדה - תכנית אסטרטגית" SEGMENT ""פארן-יהל" &amp; "_" &amp; [OBJECTID]" VB #</Process><Process ToolSource="c:\program files (x86)\arcgis\desktop10.4\ArcToolbox\Toolboxes\Data Management Tools.tbx\CalculateField" Date="20190331" Time="144727">CalculateField "מסילות רכבת כבדה - תכנית אסטרטגית" SEGMENT ""יהל-יטבתה" &amp; "_" &amp; [OBJECTID]" VB #</Process><Process ToolSource="c:\program files (x86)\arcgis\desktop10.4\ArcToolbox\Toolboxes\Data Management Tools.tbx\CalculateField" Date="20190331" Time="144750">CalculateField "מסילות רכבת כבדה - תכנית אסטרטגית" SEGMENT ""יטבתה-תמנע" &amp; "_" &amp; [OBJECTID]" VB #</Process><Process ToolSource="c:\program files (x86)\arcgis\desktop10.4\ArcToolbox\Toolboxes\Data Management Tools.tbx\CalculateField" Date="20190331" Time="144811">CalculateField "מסילות רכבת כבדה - תכנית אסטרטגית" SEGMENT ""תמנע-אילת" &amp; "_" &amp; [OBJECTID]" VB #</Process><Process ToolSource="c:\program files (x86)\arcgis\desktop10.4\ArcToolbox\Toolboxes\Data Management Tools.tbx\CalculateField" Date="20190331" Time="144858">CalculateField "מסילות רכבת כבדה - תכנית אסטרטגית" SEGMENT ""באר שבע מרכז-ערערה" &amp; "_" &amp; [OBJECTID]" VB #</Process><Process ToolSource="c:\program files (x86)\arcgis\desktop10.4\ArcToolbox\Toolboxes\Data Management Tools.tbx\CalculateField" Date="20190331" Time="144934">CalculateField "מסילות רכבת כבדה - תכנית אסטרטגית" SEGMENT ""ערערה-כספיה" &amp; "_" &amp; [OBJECTID]" VB #</Process><Process ToolSource="c:\program files (x86)\arcgis\desktop10.4\ArcToolbox\Toolboxes\Data Management Tools.tbx\CalculateField" Date="20190331" Time="144957">CalculateField "מסילות רכבת כבדה - תכנית אסטרטגית" SEGMENT ""כספיה-ערד" &amp; "_" &amp; [OBJECTID]" VB #</Process><Process ToolSource="c:\program files (x86)\arcgis\desktop10.4\ArcToolbox\Toolboxes\Data Management Tools.tbx\CalculateField" Date="20190331" Time="145143">CalculateField "מסילות רכבת כבדה - תכנית אסטרטגית" SEGMENT ""אופקים-באר שבע" &amp; "_" &amp; [OBJECTID]" VB #</Process><Process ToolSource="c:\program files (x86)\arcgis\desktop10.4\ArcToolbox\Toolboxes\Data Management Tools.tbx\CalculateField" Date="20190331" Time="145308">CalculateField "מסילות רכבת כבדה - תכנית אסטרטגית" SEGMENT ""אופקים-נתיבות" &amp; "_" &amp; [OBJECTID]" VB #</Process><Process ToolSource="c:\program files (x86)\arcgis\desktop10.4\ArcToolbox\Toolboxes\Data Management Tools.tbx\CalculateField" Date="20190331" Time="145327">CalculateField "מסילות רכבת כבדה - תכנית אסטרטגית" SEGMENT ""שדרות-נתיבות" &amp; "_" &amp; [OBJECTID]" VB #</Process><Process ToolSource="c:\program files (x86)\arcgis\desktop10.4\ArcToolbox\Toolboxes\Data Management Tools.tbx\CalculateField" Date="20190331" Time="145350">CalculateField "מסילות רכבת כבדה - תכנית אסטרטגית" SEGMENT ""שדרות-יד מרדכי" &amp; "_" &amp; [OBJECTID]" VB #</Process><Process ToolSource="c:\program files (x86)\arcgis\desktop10.4\ArcToolbox\Toolboxes\Data Management Tools.tbx\CalculateField" Date="20190331" Time="145413">CalculateField "מסילות רכבת כבדה - תכנית אסטרטגית" SEGMENT ""אשקלון-יד מרדכי" &amp; "_" &amp; [OBJECTID]" VB #</Process><Process ToolSource="c:\program files (x86)\arcgis\desktop10.4\ArcToolbox\Toolboxes\Data Management Tools.tbx\CalculateField" Date="20190331" Time="145449">CalculateField "מסילות רכבת כבדה - תכנית אסטרטגית" SEGMENT ""אשקלון-אשדוד" &amp; "_" &amp; [OBJECTID]" VB #</Process><Process ToolSource="c:\program files (x86)\arcgis\desktop10.4\ArcToolbox\Toolboxes\Data Management Tools.tbx\CalculateField" Date="20190331" Time="145510">CalculateField "מסילות רכבת כבדה - תכנית אסטרטגית" SEGMENT ""בני דרום-אשדוד" &amp; "_" &amp; [OBJECTID]" VB #</Process><Process ToolSource="c:\program files (x86)\arcgis\desktop10.4\ArcToolbox\Toolboxes\Data Management Tools.tbx\CalculateField" Date="20190331" Time="145559">CalculateField "מסילות רכבת כבדה - תכנית אסטרטגית" SEGMENT ""יבנה מזרח-בני דרום" &amp; "_" &amp; [OBJECTID]" VB #</Process><Process ToolSource="c:\program files (x86)\arcgis\desktop10.4\ArcToolbox\Toolboxes\Data Management Tools.tbx\CalculateField" Date="20190331" Time="145620">CalculateField "מסילות רכבת כבדה - תכנית אסטרטגית" SEGMENT ""יבנה מערב-בני דרום" &amp; "_" &amp; [OBJECTID]" VB #</Process><Process ToolSource="c:\program files (x86)\arcgis\desktop10.4\ArcToolbox\Toolboxes\Data Management Tools.tbx\CalculateField" Date="20190331" Time="145646">CalculateField "מסילות רכבת כבדה - תכנית אסטרטגית" SEGMENT ""חולות-יבנה מערב" &amp; "_" &amp; [OBJECTID]" VB #</Process><Process ToolSource="c:\program files (x86)\arcgis\desktop10.4\ArcToolbox\Toolboxes\Data Management Tools.tbx\CalculateField" Date="20190331" Time="145710">CalculateField "מסילות רכבת כבדה - תכנית אסטרטגית" SEGMENT ""משה דיין-חולות" &amp; "_" &amp; [OBJECTID]" VB #</Process><Process ToolSource="c:\program files (x86)\arcgis\desktop10.4\ArcToolbox\Toolboxes\Data Management Tools.tbx\CalculateField" Date="20190331" Time="145731">CalculateField "מסילות רכבת כבדה - תכנית אסטרטגית" SEGMENT ""משה דיין-קוממיות" &amp; "_" &amp; [OBJECTID]" VB #</Process><Process ToolSource="c:\program files (x86)\arcgis\desktop10.4\ArcToolbox\Toolboxes\Data Management Tools.tbx\CalculateField" Date="20190331" Time="145754">CalculateField "מסילות רכבת כבדה - תכנית אסטרטגית" SEGMENT ""יוספטל-קוממיות" &amp; "_" &amp; [OBJECTID]" VB #</Process><Process ToolSource="c:\program files (x86)\arcgis\desktop10.4\ArcToolbox\Toolboxes\Data Management Tools.tbx\CalculateField" Date="20190331" Time="145820">CalculateField "מסילות רכבת כבדה - תכנית אסטרטגית" SEGMENT ""יוספטל-וולפסון" &amp; "_" &amp; [OBJECTID]" VB #</Process><Process ToolSource="c:\program files (x86)\arcgis\desktop10.4\ArcToolbox\Toolboxes\Data Management Tools.tbx\CalculateField" Date="20190331" Time="145839">CalculateField "מסילות רכבת כבדה - תכנית אסטרטגית" SEGMENT ""צומת חולון-וולפסון" &amp; "_" &amp; [OBJECTID]" VB #</Process><Process ToolSource="c:\program files (x86)\arcgis\desktop10.4\ArcToolbox\Toolboxes\Data Management Tools.tbx\CalculateField" Date="20190331" Time="145901">CalculateField "מסילות רכבת כבדה - תכנית אסטרטגית" SEGMENT ""צומת חולון-ההגנה" &amp; "_" &amp; [OBJECTID]" VB #</Process><Process ToolSource="c:\program files (x86)\arcgis\desktop10.4\ArcToolbox\Toolboxes\Data Management Tools.tbx\CalculateField" Date="20190331" Time="150040">CalculateField "מסילות רכבת כבדה - תכנית אסטרטגית" SEGMENT ""כפר חבד-ההגנה" &amp; "_" &amp; [OBJECTID]" VB #</Process><Process ToolSource="c:\program files (x86)\arcgis\desktop10.4\ArcToolbox\Toolboxes\Data Management Tools.tbx\CalculateField" Date="20190331" Time="150056">CalculateField "מסילות רכבת כבדה - תכנית אסטרטגית" SEGMENT ""כפר חבד-גני אביב" &amp; "_" &amp; [OBJECTID]" VB #</Process><Process ToolSource="c:\program files (x86)\arcgis\desktop10.4\ArcToolbox\Toolboxes\Data Management Tools.tbx\CalculateField" Date="20190331" Time="150121">CalculateField "מסילות רכבת כבדה - תכנית אסטרטגית" SEGMENT ""לוד-גני אביב" &amp; "_" &amp; [OBJECTID]" VB #</Process><Process ToolSource="c:\program files (x86)\arcgis\desktop10.4\ArcToolbox\Toolboxes\Data Management Tools.tbx\CalculateField" Date="20190331" Time="150201">CalculateField "מסילות רכבת כבדה - תכנית אסטרטגית" SEGMENT ""לוד-רמלה מערב" &amp; "_" &amp; [OBJECTID]" VB #</Process><Process ToolSource="c:\program files (x86)\arcgis\desktop10.4\ArcToolbox\Toolboxes\Data Management Tools.tbx\CalculateField" Date="20190331" Time="150227">CalculateField "מסילות רכבת כבדה - תכנית אסטרטגית" SEGMENT ""באר יעקב-רמלה מערב" &amp; "_" &amp; [OBJECTID]" VB #</Process><Process ToolSource="c:\program files (x86)\arcgis\desktop10.4\ArcToolbox\Toolboxes\Data Management Tools.tbx\CalculateField" Date="20190331" Time="150335">CalculateField "מסילות רכבת כבדה - תכנית אסטרטגית" SEGMENT ""באר יעקב-ראשונים" &amp; "_" &amp; [OBJECTID]" VB #</Process><Process ToolSource="c:\program files (x86)\arcgis\desktop10.4\ArcToolbox\Toolboxes\Data Management Tools.tbx\CalculateField" Date="20190331" Time="150358">CalculateField "מסילות רכבת כבדה - תכנית אסטרטגית" SEGMENT ""מעיין שורק-ראשונים" &amp; "_" &amp; [OBJECTID]" VB #</Process><Process ToolSource="c:\program files (x86)\arcgis\desktop10.4\ArcToolbox\Toolboxes\Data Management Tools.tbx\CalculateField" Date="20190331" Time="150418">CalculateField "מסילות רכבת כבדה - תכנית אסטרטגית" SEGMENT ""מעיין שורק-משה דיין" &amp; "_" &amp; [OBJECTID]" VB #</Process><Process ToolSource="c:\program files (x86)\arcgis\desktop10.4\ArcToolbox\Toolboxes\Data Management Tools.tbx\CalculateField" Date="20190331" Time="150624">CalculateField "מסילות רכבת כבדה - תכנית אסטרטגית" SEGMENT ""רמלה דרום-ראשונים" &amp; "_" &amp; [OBJECTID]" VB #</Process><Process ToolSource="c:\program files (x86)\arcgis\desktop10.4\ArcToolbox\Toolboxes\Data Management Tools.tbx\CalculateField" Date="20190331" Time="150643">CalculateField "מסילות רכבת כבדה - תכנית אסטרטגית" SEGMENT ""רמלה דרום-רחובות" &amp; "_" &amp; [OBJECTID]" VB #</Process><Process ToolSource="c:\program files (x86)\arcgis\desktop10.4\ArcToolbox\Toolboxes\Data Management Tools.tbx\CalculateField" Date="20190331" Time="150724">CalculateField "מסילות רכבת כבדה - תכנית אסטרטגית" SEGMENT ""באר יעקב-רחובות" &amp; "_" &amp; [OBJECTID]" VB #</Process><Process ToolSource="c:\program files (x86)\arcgis\desktop10.4\ArcToolbox\Toolboxes\Data Management Tools.tbx\CalculateField" Date="20190331" Time="150758">CalculateField "מסילות רכבת כבדה - תכנית אסטרטגית" SEGMENT ""רחובות-רחובות גבירול" &amp; "_" &amp; [OBJECTID]" VB #</Process><Process ToolSource="c:\program files (x86)\arcgis\desktop10.4\ArcToolbox\Toolboxes\Data Management Tools.tbx\CalculateField" Date="20190331" Time="150832">CalculateField "מסילות רכבת כבדה - תכנית אסטרטגית" SEGMENT ""רחובות גבירול-יבנה מזרח" &amp; "_" &amp; [OBJECTID]" VB #</Process><Process ToolSource="c:\program files (x86)\arcgis\desktop10.4\ArcToolbox\Toolboxes\Data Management Tools.tbx\CalculateField" Date="20190331" Time="150925">CalculateField "מסילות רכבת כבדה - תכנית אסטרטגית" SEGMENT ""רמלה דרום - מצליח צפון" &amp; "_" &amp; [OBJECTID]" VB #</Process><Process ToolSource="c:\program files (x86)\arcgis\desktop10.4\ArcToolbox\Toolboxes\Data Management Tools.tbx\CalculateField" Date="20190331" Time="151023">CalculateField "מסילות רכבת כבדה - תכנית אסטרטגית" SEGMENT ""מצליח צפון - פאתי מודיעין" &amp; "_" &amp; [OBJECTID]" VB #</Process><Process ToolSource="c:\program files (x86)\arcgis\desktop10.4\ArcToolbox\Toolboxes\Data Management Tools.tbx\CalculateField" Date="20190331" Time="151304">CalculateField "מסילות רכבת כבדה - תכנית אסטרטגית" SEGMENT ""פאתי מודיעין - נתבג" &amp; "_" &amp; [OBJECTID]" VB #</Process><Process ToolSource="c:\program files (x86)\arcgis\desktop10.4\ArcToolbox\Toolboxes\Data Management Tools.tbx\CalculateField" Date="20190331" Time="151324">CalculateField "מסילות רכבת כבדה - תכנית אסטרטגית" SEGMENT ""פאתי מודיעין - מודיעין מרכז" &amp; "_" &amp; [OBJECTID]" VB #</Process><Process ToolSource="c:\program files (x86)\arcgis\desktop10.4\ArcToolbox\Toolboxes\Data Management Tools.tbx\CalculateField" Date="20190331" Time="151456">CalculateField "מסילות רכבת כבדה - תכנית אסטרטגית" SEGMENT ""פאתי מודיעין - יצחק נבון" &amp; "_" &amp; [OBJECTID]" VB #</Process><Process ToolSource="c:\program files (x86)\arcgis\desktop10.4\ArcToolbox\Toolboxes\Data Management Tools.tbx\CalculateField" Date="20190331" Time="152229">CalculateField "מסילות רכבת כבדה - תכנית אסטרטגית" SEGMENT ""נתבג - יצחק נבון" &amp; "_" &amp; [OBJECTID]" VB #</Process><Process ToolSource="c:\program files (x86)\arcgis\desktop10.4\ArcToolbox\Toolboxes\Data Management Tools.tbx\CalculateField" Date="20190331" Time="152409">CalculateField "מסילות רכבת כבדה - תכנית אסטרטגית" SEGMENT ""ירושלים מרכז - יצחק נבון" &amp; "_" &amp; [OBJECTID]" VB #</Process><Process ToolSource="c:\program files (x86)\arcgis\desktop10.4\ArcToolbox\Toolboxes\Data Management Tools.tbx\CalculateField" Date="20190331" Time="152506">CalculateField "מסילות רכבת כבדה - תכנית אסטרטגית" SEGMENT ""מצליח דרום - יצחק נבון" &amp; "_" &amp; [OBJECTID]" VB #</Process><Process ToolSource="c:\program files (x86)\arcgis\desktop10.4\ArcToolbox\Toolboxes\Data Management Tools.tbx\CalculateField" Date="20190331" Time="152538">CalculateField "מסילות רכבת כבדה - תכנית אסטרטגית" SEGMENT ""מצליח דרום - נען" &amp; "_" &amp; [OBJECTID]" VB #</Process><Process ToolSource="c:\program files (x86)\arcgis\desktop10.4\ArcToolbox\Toolboxes\Data Management Tools.tbx\CalculateField" Date="20190331" Time="152613">CalculateField "מסילות רכבת כבדה - תכנית אסטרטגית" SEGMENT ""נתבג - נען" &amp; "_" &amp; [OBJECTID]" VB #</Process><Process ToolSource="c:\program files (x86)\arcgis\desktop10.4\ArcToolbox\Toolboxes\Data Management Tools.tbx\CalculateField" Date="20190331" Time="152655">CalculateField "מסילות רכבת כבדה - תכנית אסטרטגית" SEGMENT ""לוד - רמלה" &amp; "_" &amp; [OBJECTID]" VB #</Process><Process ToolSource="c:\program files (x86)\arcgis\desktop10.4\ArcToolbox\Toolboxes\Data Management Tools.tbx\CalculateField" Date="20190331" Time="152759">CalculateField "מסילות רכבת כבדה - תכנית אסטרטגית" SEGMENT ""רמלה - רמלה מזרח" &amp; "_" &amp; [OBJECTID]" VB #</Process><Process ToolSource="c:\program files (x86)\arcgis\desktop10.4\ArcToolbox\Toolboxes\Data Management Tools.tbx\CalculateField" Date="20190331" Time="152946">CalculateField "מסילות רכבת כבדה - תכנית אסטרטגית" SEGMENT ""נען - רמלה מזרח" &amp; "_" &amp; [OBJECTID]" VB #</Process><Process ToolSource="c:\program files (x86)\arcgis\desktop10.4\ArcToolbox\Toolboxes\Data Management Tools.tbx\CalculateField" Date="20190331" Time="153011">CalculateField "מסילות רכבת כבדה - תכנית אסטרטגית" SEGMENT ""נען - מזכרת בתיה" &amp; "_" &amp; [OBJECTID]" VB #</Process><Process ToolSource="c:\program files (x86)\arcgis\desktop10.4\ArcToolbox\Toolboxes\Data Management Tools.tbx\CalculateField" Date="20190331" Time="153037">CalculateField "מסילות רכבת כבדה - תכנית אסטרטגית" SEGMENT ""מזכרת בתיה - כפר מנחם" &amp; "_" &amp; [OBJECTID]" VB #</Process><Process ToolSource="c:\program files (x86)\arcgis\desktop10.4\ArcToolbox\Toolboxes\Data Management Tools.tbx\CalculateField" Date="20190331" Time="153121">CalculateField "מסילות רכבת כבדה - תכנית אסטרטגית" SEGMENT ""נען - בית שמש" &amp; "_" &amp; [OBJECTID]" VB #</Process><Process ToolSource="c:\program files (x86)\arcgis\desktop10.4\ArcToolbox\Toolboxes\Data Management Tools.tbx\CalculateField" Date="20190331" Time="153314">CalculateField "מסילות רכבת כבדה - תכנית אסטרטגית" SEGMENT ""בית שמש - גן חיות תנ''כי" &amp; "_" &amp; [OBJECTID]" VB #</Process><Process ToolSource="c:\program files (x86)\arcgis\desktop10.4\ArcToolbox\Toolboxes\Data Management Tools.tbx\CalculateField" Date="20190331" Time="153355">CalculateField "מסילות רכבת כבדה - תכנית אסטרטגית" SEGMENT ""מלחה - גן חיות תנ''כי" &amp; "_" &amp; [OBJECTID]" VB #</Process><Process ToolSource="c:\program files (x86)\arcgis\desktop10.4\ArcToolbox\Toolboxes\Data Management Tools.tbx\CalculateField" Date="20190331" Time="153703">CalculateField "מסילות רכבת כבדה - תכנית אסטרטגית" SEGMENT ""לוד מרכז - לוד" &amp; "_" &amp; [OBJECTID]" VB #</Process><Process ToolSource="c:\program files (x86)\arcgis\desktop10.4\ArcToolbox\Toolboxes\Data Management Tools.tbx\CalculateField" Date="20190331" Time="153744">CalculateField "מסילות רכבת כבדה - תכנית אסטרטגית" SEGMENT ""לוד מרכז - תעופה" &amp; "_" &amp; [OBJECTID]" VB #</Process><Process ToolSource="c:\program files (x86)\arcgis\desktop10.4\ArcToolbox\Toolboxes\Data Management Tools.tbx\CalculateField" Date="20190331" Time="153850">CalculateField "מסילות רכבת כבדה - תכנית אסטרטגית" SEGMENT ""תעופה - אלעד-רינתיה" &amp; "_" &amp; [OBJECTID]" VB #</Process><Process ToolSource="c:\program files (x86)\arcgis\desktop10.4\ArcToolbox\Toolboxes\Data Management Tools.tbx\CalculateField" Date="20190331" Time="153933">CalculateField "מסילות רכבת כבדה - תכנית אסטרטגית" SEGMENT ""ראש העין דרום - אלעד-רינתיה" &amp; "_" &amp; [OBJECTID]" VB #</Process><Process ToolSource="c:\program files (x86)\arcgis\desktop10.4\ArcToolbox\Toolboxes\Data Management Tools.tbx\CalculateField" Date="20190331" Time="154003">CalculateField "מסילות רכבת כבדה - תכנית אסטרטגית" SEGMENT ""נתבג - ההגנה" &amp; "_" &amp; [OBJECTID]" VB #</Process><Process ToolSource="c:\program files (x86)\arcgis\desktop10.4\ArcToolbox\Toolboxes\Data Management Tools.tbx\CalculateField" Date="20190331" Time="154053">CalculateField "מסילות רכבת כבדה - תכנית אסטרטגית" SEGMENT ""יצחק שדה - ההגנה" &amp; "_" &amp; [OBJECTID]" VB #</Process><Process ToolSource="c:\program files (x86)\arcgis\desktop10.4\ArcToolbox\Toolboxes\Data Management Tools.tbx\CalculateField" Date="20190331" Time="154109">CalculateField "מסילות רכבת כבדה - תכנית אסטרטגית" SEGMENT ""יצחק שדה - השלום" &amp; "_" &amp; [OBJECTID]" VB #</Process><Process ToolSource="c:\program files (x86)\arcgis\desktop10.4\ArcToolbox\Toolboxes\Data Management Tools.tbx\CalculateField" Date="20190331" Time="154135">CalculateField "מסילות רכבת כבדה - תכנית אסטרטגית" SEGMENT ""סבידור מרכז - השלום" &amp; "_" &amp; [OBJECTID]" VB #</Process><Process ToolSource="c:\program files (x86)\arcgis\desktop10.4\ArcToolbox\Toolboxes\Data Management Tools.tbx\CalculateField" Date="20190331" Time="154202">CalculateField "מסילות רכבת כבדה - תכנית אסטרטגית" SEGMENT ""סבידור מרכז - אוניברסיטת תל אביב" &amp; "_" &amp; [OBJECTID]" VB #</Process><Process ToolSource="c:\program files (x86)\arcgis\desktop10.4\ArcToolbox\Toolboxes\Data Management Tools.tbx\CalculateField" Date="20190331" Time="154310">CalculateField "מסילות רכבת כבדה - תכנית אסטרטגית" SEGMENT ""קרית גת - להבים" &amp; "_" &amp; [OBJECTID]" VB #</Process><Process ToolSource="c:\program files (x86)\arcgis\desktop10.4\ArcToolbox\Toolboxes\Data Management Tools.tbx\CalculateField" Date="20190331" Time="154606">CalculateField "מסילות רכבת כבדה - תכנית אסטרטגית" SEGMENT ""תעופה - אלעד-רינתיה" &amp; "_" &amp; [OBJECTID]" VB #</Process><Process ToolSource="c:\program files (x86)\arcgis\desktop10.4\ArcToolbox\Toolboxes\Data Management Tools.tbx\CalculateField" Date="20190331" Time="154740">CalculateField "מסילות רכבת כבדה - תכנית אסטרטגית" SEGMENT ""גלילות דרום - אוניברסיטת תל אביב" &amp; "_" &amp; [OBJECTID]" VB #</Process><Process ToolSource="c:\program files (x86)\arcgis\desktop10.4\ArcToolbox\Toolboxes\Data Management Tools.tbx\CalculateField" Date="20190331" Time="154758">CalculateField "מסילות רכבת כבדה - תכנית אסטרטגית" SEGMENT ""בני ברק - אוניברסיטת תל אביב" &amp; "_" &amp; [OBJECTID]" VB #</Process><Process ToolSource="c:\program files (x86)\arcgis\desktop10.4\ArcToolbox\Toolboxes\Data Management Tools.tbx\CalculateField" Date="20190331" Time="154817">CalculateField "מסילות רכבת כבדה - תכנית אסטרטגית" SEGMENT ""בני ברק - קרית אריה" &amp; "_" &amp; [OBJECTID]" VB #</Process><Process ToolSource="c:\program files (x86)\arcgis\desktop10.4\ArcToolbox\Toolboxes\Data Management Tools.tbx\CalculateField" Date="20190331" Time="154834">CalculateField "מסילות רכבת כבדה - תכנית אסטרטגית" SEGMENT ""סגולה - קרית אריה" &amp; "_" &amp; [OBJECTID]" VB #</Process><Process ToolSource="c:\program files (x86)\arcgis\desktop10.4\ArcToolbox\Toolboxes\Data Management Tools.tbx\CalculateField" Date="20190331" Time="154910">CalculateField "מסילות רכבת כבדה - תכנית אסטרטגית" SEGMENT ""סגולה - ראש העין צפון" &amp; "_" &amp; [OBJECTID]" VB #</Process><Process ToolSource="c:\program files (x86)\arcgis\desktop10.4\ArcToolbox\Toolboxes\Data Management Tools.tbx\CalculateField" Date="20190331" Time="154931">CalculateField "מסילות רכבת כבדה - תכנית אסטרטגית" SEGMENT ""סגולה - ראש העין דרום" &amp; "_" &amp; [OBJECTID]" VB #</Process><Process ToolSource="c:\program files (x86)\arcgis\desktop10.4\ArcToolbox\Toolboxes\Data Management Tools.tbx\CalculateField" Date="20190331" Time="154955">CalculateField "מסילות רכבת כבדה - תכנית אסטרטגית" SEGMENT ""ראש העין צפון - ראש העין דרום" &amp; "_" &amp; [OBJECTID]" VB #</Process><Process ToolSource="c:\program files (x86)\arcgis\desktop10.4\ArcToolbox\Toolboxes\Data Management Tools.tbx\CalculateField" Date="20190331" Time="155104">CalculateField "מסילות רכבת כבדה - תכנית אסטרטגית" SEGMENT ""גלילות צפון - גלילות דרום" &amp; "_" &amp; [OBJECTID]" VB #</Process><Process ToolSource="c:\program files (x86)\arcgis\desktop10.4\ArcToolbox\Toolboxes\Data Management Tools.tbx\CalculateField" Date="20190331" Time="155125">CalculateField "מסילות רכבת כבדה - תכנית אסטרטגית" SEGMENT ""גלילות צפון - הרצליה" &amp; "_" &amp; [OBJECTID]" VB #</Process><Process ToolSource="c:\program files (x86)\arcgis\desktop10.4\ArcToolbox\Toolboxes\Data Management Tools.tbx\CalculateField" Date="20190331" Time="155207">CalculateField "מסילות רכבת כבדה - תכנית אסטרטגית" SEGMENT ""רעננה מערב - הרצליה" &amp; "_" &amp; [OBJECTID]" VB #</Process><Process ToolSource="c:\program files (x86)\arcgis\desktop10.4\ArcToolbox\Toolboxes\Data Management Tools.tbx\CalculateField" Date="20190331" Time="155231">CalculateField "מסילות רכבת כבדה - תכנית אסטרטגית" SEGMENT ""רעננה מערב - צומת רעננה דרום" &amp; "_" &amp; [OBJECTID]" VB #</Process><Process ToolSource="c:\program files (x86)\arcgis\desktop10.4\ArcToolbox\Toolboxes\Data Management Tools.tbx\CalculateField" Date="20190331" Time="155353">CalculateField "מסילות רכבת כבדה - תכנית אסטרטגית" SEGMENT ""סוקולוב - צומת רעננה דרום" &amp; "_" &amp; [OBJECTID]" VB #</Process><Process ToolSource="c:\program files (x86)\arcgis\desktop10.4\ArcToolbox\Toolboxes\Data Management Tools.tbx\CalculateField" Date="20190331" Time="155412">CalculateField "מסילות רכבת כבדה - תכנית אסטרטגית" SEGMENT ""סוקולוב - נורדאו" &amp; "_" &amp; [OBJECTID]" VB #</Process><Process ToolSource="c:\program files (x86)\arcgis\desktop10.4\ArcToolbox\Toolboxes\Data Management Tools.tbx\CalculateField" Date="20190331" Time="155443">CalculateField "מסילות רכבת כבדה - תכנית אסטרטגית" SEGMENT ""ראש העין צפון - נורדאו" &amp; "_" &amp; [OBJECTID]" VB #</Process><Process ToolSource="c:\program files (x86)\arcgis\desktop10.4\ArcToolbox\Toolboxes\Data Management Tools.tbx\CalculateField" Date="20190331" Time="155517">CalculateField "מסילות רכבת כבדה - תכנית אסטרטגית" SEGMENT ""ראש העין צפון - כפר סבא צפון" &amp; "_" &amp; [OBJECTID]" VB #</Process><Process ToolSource="c:\program files (x86)\arcgis\desktop10.4\ArcToolbox\Toolboxes\Data Management Tools.tbx\CalculateField" Date="20190331" Time="155552">CalculateField "מסילות רכבת כבדה - תכנית אסטרטגית" SEGMENT ""הרצליה - שפיים" &amp; "_" &amp; [OBJECTID]" VB #</Process><Process ToolSource="c:\program files (x86)\arcgis\desktop10.4\ArcToolbox\Toolboxes\Data Management Tools.tbx\CalculateField" Date="20190331" Time="155623">CalculateField "מסילות רכבת כבדה - תכנית אסטרטגית" SEGMENT ""בית יהושע - שפיים" &amp; "_" &amp; [OBJECTID]" VB #</Process><Process ToolSource="c:\program files (x86)\arcgis\desktop10.4\ArcToolbox\Toolboxes\Data Management Tools.tbx\CalculateField" Date="20190331" Time="155752">CalculateField "מסילות רכבת כבדה - תכנית אסטרטגית" SEGMENT ""בית יהושע - נתניה ספיר" &amp; "_" &amp; [OBJECTID]" VB #</Process><Process ToolSource="c:\program files (x86)\arcgis\desktop10.4\ArcToolbox\Toolboxes\Data Management Tools.tbx\CalculateField" Date="20190331" Time="155817">CalculateField "מסילות רכבת כבדה - תכנית אסטרטגית" SEGMENT ""נתניה מכללה - נתניה ספיר" &amp; "_" &amp; [OBJECTID]" VB #</Process><Process ToolSource="c:\program files (x86)\arcgis\desktop10.4\ArcToolbox\Toolboxes\Data Management Tools.tbx\CalculateField" Date="20190331" Time="155835">CalculateField "מסילות רכבת כבדה - תכנית אסטרטגית" SEGMENT ""נתניה מכללה - נתניה" &amp; "_" &amp; [OBJECTID]" VB #</Process><Process ToolSource="c:\program files (x86)\arcgis\desktop10.4\ArcToolbox\Toolboxes\Data Management Tools.tbx\CalculateField" Date="20190331" Time="155914">CalculateField "מסילות רכבת כבדה - תכנית אסטרטגית" SEGMENT ""טירה - כפר סבא צפון" &amp; "_" &amp; [OBJECTID]" VB #</Process><Process ToolSource="c:\program files (x86)\arcgis\desktop10.4\ArcToolbox\Toolboxes\Data Management Tools.tbx\CalculateField" Date="20190331" Time="155932">CalculateField "מסילות רכבת כבדה - תכנית אסטרטגית" SEGMENT ""טירה - טייבה" &amp; "_" &amp; [OBJECTID]" VB #</Process><Process ToolSource="c:\program files (x86)\arcgis\desktop10.4\ArcToolbox\Toolboxes\Data Management Tools.tbx\CalculateField" Date="20190331" Time="155951">CalculateField "מסילות רכבת כבדה - תכנית אסטרטגית" SEGMENT ""אחיטוב - טייבה" &amp; "_" &amp; [OBJECTID]" VB #</Process><Process ToolSource="c:\program files (x86)\arcgis\desktop10.4\ArcToolbox\Toolboxes\Data Management Tools.tbx\CalculateField" Date="20190331" Time="160022">CalculateField "מסילות רכבת כבדה - תכנית אסטרטגית" SEGMENT ""ויתקין - נתניה" &amp; "_" &amp; [OBJECTID]" VB #</Process><Process ToolSource="c:\program files (x86)\arcgis\desktop10.4\ArcToolbox\Toolboxes\Data Management Tools.tbx\CalculateField" Date="20190331" Time="160045">CalculateField "מסילות רכבת כבדה - תכנית אסטרטגית" SEGMENT ""ויתקין - חדרה" &amp; "_" &amp; [OBJECTID]" VB #</Process><Process ToolSource="c:\program files (x86)\arcgis\desktop10.4\ArcToolbox\Toolboxes\Data Management Tools.tbx\CalculateField" Date="20190331" Time="160104">CalculateField "מסילות רכבת כבדה - תכנית אסטרטגית" SEGMENT ""חדרה צפון - חדרה" &amp; "_" &amp; [OBJECTID]" VB #</Process><Process ToolSource="c:\program files (x86)\arcgis\desktop10.4\ArcToolbox\Toolboxes\Data Management Tools.tbx\CalculateField" Date="20190331" Time="160130">CalculateField "מסילות רכבת כבדה - תכנית אסטרטגית" SEGMENT ""חדרה מזרח - אחיטוב" &amp; "_" &amp; [OBJECTID]" VB #</Process><Process ToolSource="c:\program files (x86)\arcgis\desktop10.4\ArcToolbox\Toolboxes\Data Management Tools.tbx\CalculateField" Date="20190331" Time="160152">CalculateField "מסילות רכבת כבדה - תכנית אסטרטגית" SEGMENT ""חריש - אחיטוב" &amp; "_" &amp; [OBJECTID]" VB #</Process><Process ToolSource="c:\program files (x86)\arcgis\desktop10.4\ArcToolbox\Toolboxes\Data Management Tools.tbx\CalculateField" Date="20190331" Time="160242">CalculateField "מסילות רכבת כבדה - תכנית אסטרטגית" SEGMENT ""קיסריה-פרדס חנה - חדרה צפון" &amp; "_" &amp; [OBJECTID]" VB #</Process><Process ToolSource="c:\program files (x86)\arcgis\desktop10.4\ArcToolbox\Toolboxes\Data Management Tools.tbx\CalculateField" Date="20190331" Time="160320">CalculateField "מסילות רכבת כבדה - תכנית אסטרטגית" SEGMENT ""חדרה מזרח - חדרה צפון" &amp; "_" &amp; [OBJECTID]" VB #</Process><Process ToolSource="c:\program files (x86)\arcgis\desktop10.4\ArcToolbox\Toolboxes\Data Management Tools.tbx\CalculateField" Date="20190331" Time="160411">CalculateField "מסילות רכבת כבדה - תכנית אסטרטגית" SEGMENT ""בנימינה - קיסריה-פרדס חנה" &amp; "_" &amp; [OBJECTID]" VB #</Process><Process ToolSource="c:\program files (x86)\arcgis\desktop10.4\ArcToolbox\Toolboxes\Data Management Tools.tbx\CalculateField" Date="20190331" Time="160457">CalculateField "מסילות רכבת כבדה - תכנית אסטרטגית" SEGMENT ""בנימינה - זכרון יעקב" &amp; "_" &amp; [OBJECTID]" VB #</Process><Process ToolSource="c:\program files (x86)\arcgis\desktop10.4\ArcToolbox\Toolboxes\Data Management Tools.tbx\CalculateField" Date="20190331" Time="160544">CalculateField "מסילות רכבת כבדה - תכנית אסטרטגית" SEGMENT ""אור עקיבא - קיסריה-פרדס חנה" &amp; "_" &amp; [OBJECTID]" VB #</Process><Process ToolSource="c:\program files (x86)\arcgis\desktop10.4\ArcToolbox\Toolboxes\Data Management Tools.tbx\CalculateField" Date="20190331" Time="160651">CalculateField "מסילות רכבת כבדה - תכנית אסטרטגית" SEGMENT ""אור עקיבא - עתלית" &amp; "_" &amp; [OBJECTID]" VB #</Process><Process ToolSource="c:\program files (x86)\arcgis\desktop10.4\ArcToolbox\Toolboxes\Data Management Tools.tbx\CalculateField" Date="20190331" Time="160713">CalculateField "מסילות רכבת כבדה - תכנית אסטרטגית" SEGMENT ""זכרון יעקב - עתלית" &amp; "_" &amp; [OBJECTID]" VB #</Process><Process ToolSource="c:\program files (x86)\arcgis\desktop10.4\ArcToolbox\Toolboxes\Data Management Tools.tbx\CalculateField" Date="20190331" Time="160738">CalculateField "מסילות רכבת כבדה - תכנית אסטרטגית" SEGMENT ""חוף כרמל - עתלית" &amp; "_" &amp; [OBJECTID]" VB #</Process><Process ToolSource="c:\program files (x86)\arcgis\desktop10.4\ArcToolbox\Toolboxes\Data Management Tools.tbx\CalculateField" Date="20190331" Time="160806">CalculateField "מסילות רכבת כבדה - תכנית אסטרטגית" SEGMENT ""חוף כרמל - בת גלים" &amp; "_" &amp; [OBJECTID]" VB #</Process><Process ToolSource="c:\program files (x86)\arcgis\desktop10.4\ArcToolbox\Toolboxes\Data Management Tools.tbx\CalculateField" Date="20190331" Time="160858">CalculateField "מסילות רכבת כבדה - תכנית אסטרטגית" SEGMENT ""השמונה - בת גלים" &amp; "_" &amp; [OBJECTID]" VB #</Process><Process ToolSource="c:\program files (x86)\arcgis\desktop10.4\ArcToolbox\Toolboxes\Data Management Tools.tbx\CalculateField" Date="20190331" Time="160928">CalculateField "מסילות רכבת כבדה - תכנית אסטרטגית" SEGMENT ""השמונה - בית המכס" &amp; "_" &amp; [OBJECTID]" VB #</Process><Process ToolSource="c:\program files (x86)\arcgis\desktop10.4\ArcToolbox\Toolboxes\Data Management Tools.tbx\CalculateField" Date="20190331" Time="161045">CalculateField "מסילות רכבת כבדה - תכנית אסטרטגית" SEGMENT ""לב המפרץ - בית המכס" &amp; "_" &amp; [OBJECTID]" VB #</Process><Process ToolSource="c:\program files (x86)\arcgis\desktop10.4\ArcToolbox\Toolboxes\Data Management Tools.tbx\CalculateField" Date="20190331" Time="161115">CalculateField "מסילות רכבת כבדה - תכנית אסטרטגית" SEGMENT ""לב המפרץ מזרח - בית המכס" &amp; "_" &amp; [OBJECTID]" VB #</Process><Process ToolSource="c:\program files (x86)\arcgis\desktop10.4\ArcToolbox\Toolboxes\Data Management Tools.tbx\CalculateField" Date="20190331" Time="161147">CalculateField "מסילות רכבת כבדה - תכנית אסטרטגית" SEGMENT ""לב המפרץ מזרח - נשר" &amp; "_" &amp; [OBJECTID]" VB #</Process><Process ToolSource="c:\program files (x86)\arcgis\desktop10.4\ArcToolbox\Toolboxes\Data Management Tools.tbx\CalculateField" Date="20190331" Time="161510">CalculateField "מסילות רכבת כבדה - תכנית אסטרטגית" SEGMENT ""כפר יהושע - נשר" &amp; "_" &amp; [OBJECTID]" VB #</Process><Process ToolSource="c:\program files (x86)\arcgis\desktop10.4\ArcToolbox\Toolboxes\Data Management Tools.tbx\CalculateField" Date="20190331" Time="162339">CalculateField "מסילות רכבת כבדה - תכנית אסטרטגית" SEGMENT ""כפר יהושע - כפר ברוך" &amp; "_" &amp; [OBJECTID]" VB #</Process><Process ToolSource="c:\program files (x86)\arcgis\desktop10.4\ArcToolbox\Toolboxes\Data Management Tools.tbx\CalculateField" Date="20190331" Time="162544">CalculateField "מסילות רכבת כבדה - תכנית אסטרטגית" SEGMENT ""עפולה - כפר ברוך" &amp; "_" &amp; [OBJECTID]" VB #</Process><Process ToolSource="c:\program files (x86)\arcgis\desktop10.4\ArcToolbox\Toolboxes\Data Management Tools.tbx\CalculateField" Date="20190331" Time="162628">CalculateField "מסילות רכבת כבדה - תכנית אסטרטגית" SEGMENT ""עפולה - תל יוסף" &amp; "_" &amp; [OBJECTID]" VB #</Process><Process ToolSource="c:\program files (x86)\arcgis\desktop10.4\ArcToolbox\Toolboxes\Data Management Tools.tbx\CalculateField" Date="20190331" Time="162652">CalculateField "מסילות רכבת כבדה - תכנית אסטרטגית" SEGMENT ""בית שאן - תל יוסף" &amp; "_" &amp; [OBJECTID]" VB #</Process><Process ToolSource="c:\program files (x86)\arcgis\desktop10.4\ArcToolbox\Toolboxes\Data Management Tools.tbx\CalculateField" Date="20190331" Time="162854">CalculateField "מסילות רכבת כבדה - תכנית אסטרטגית" SEGMENT ""נצרת דרום - כפר ברוך" &amp; "_" &amp; [OBJECTID]" VB #</Process><Process ToolSource="c:\program files (x86)\arcgis\desktop10.4\ArcToolbox\Toolboxes\Data Management Tools.tbx\CalculateField" Date="20190331" Time="162917">CalculateField "מסילות רכבת כבדה - תכנית אסטרטגית" SEGMENT ""נצרת דרום - כפר תבור" &amp; "_" &amp; [OBJECTID]" VB #</Process><Process ToolSource="c:\program files (x86)\arcgis\desktop10.4\ArcToolbox\Toolboxes\Data Management Tools.tbx\CalculateField" Date="20190331" Time="162944">CalculateField "מסילות רכבת כבדה - תכנית אסטרטגית" SEGMENT ""צומת גולני - כפר תבור" &amp; "_" &amp; [OBJECTID]" VB #</Process><Process ToolSource="c:\program files (x86)\arcgis\desktop10.4\ArcToolbox\Toolboxes\Data Management Tools.tbx\CalculateField" Date="20190331" Time="163001">CalculateField "מסילות רכבת כבדה - תכנית אסטרטגית" SEGMENT ""צומת גולני - טבריה" &amp; "_" &amp; [OBJECTID]" VB #</Process><Process ToolSource="c:\program files (x86)\arcgis\desktop10.4\ArcToolbox\Toolboxes\Data Management Tools.tbx\CalculateField" Date="20190331" Time="163220">CalculateField "מסילות רכבת כבדה - תכנית אסטרטגית" SEGMENT ""חוצות המפרץ - לב המפרץ" &amp; "_" &amp; [OBJECTID]" VB #</Process><Process ToolSource="c:\program files (x86)\arcgis\desktop10.4\ArcToolbox\Toolboxes\Data Management Tools.tbx\CalculateField" Date="20190331" Time="163246">CalculateField "מסילות רכבת כבדה - תכנית אסטרטגית" SEGMENT ""חוצות המפרץ - קרית חיים" &amp; "_" &amp; [OBJECTID]" VB #</Process><Process ToolSource="c:\program files (x86)\arcgis\desktop10.4\ArcToolbox\Toolboxes\Data Management Tools.tbx\CalculateField" Date="20190331" Time="163313">CalculateField "מסילות רכבת כבדה - תכנית אסטרטגית" SEGMENT ""קרית מוצקין - קרית חיים" &amp; "_" &amp; [OBJECTID]" VB #</Process><Process ToolSource="c:\program files (x86)\arcgis\desktop10.4\ArcToolbox\Toolboxes\Data Management Tools.tbx\CalculateField" Date="20190331" Time="163702">CalculateField "מסילות רכבת כבדה - תכנית אסטרטגית" SEGMENT ""קרית מוצקין - סביוני ים" &amp; "_" &amp; [OBJECTID]" VB #</Process><Process ToolSource="c:\program files (x86)\arcgis\desktop10.4\ArcToolbox\Toolboxes\Data Management Tools.tbx\CalculateField" Date="20190331" Time="163735">CalculateField "מסילות רכבת כבדה - תכנית אסטרטגית" SEGMENT ""עכו - סביוני ים" &amp; "_" &amp; [OBJECTID]" VB #</Process><Process ToolSource="c:\program files (x86)\arcgis\desktop10.4\ArcToolbox\Toolboxes\Data Management Tools.tbx\CalculateField" Date="20190331" Time="163800">CalculateField "מסילות רכבת כבדה - תכנית אסטרטגית" SEGMENT ""מכר - סביוני ים" &amp; "_" &amp; [OBJECTID]" VB #</Process><Process ToolSource="c:\program files (x86)\arcgis\desktop10.4\ArcToolbox\Toolboxes\Data Management Tools.tbx\CalculateField" Date="20190331" Time="163824">CalculateField "מסילות רכבת כבדה - תכנית אסטרטגית" SEGMENT ""מכר - אחיהוד" &amp; "_" &amp; [OBJECTID]" VB #</Process><Process ToolSource="c:\program files (x86)\arcgis\desktop10.4\ArcToolbox\Toolboxes\Data Management Tools.tbx\CalculateField" Date="20190331" Time="163852">CalculateField "מסילות רכבת כבדה - תכנית אסטרטגית" SEGMENT ""כרמיאל - אחיהוד" &amp; "_" &amp; [OBJECTID]" VB #</Process><Process ToolSource="c:\program files (x86)\arcgis\desktop10.4\ArcToolbox\Toolboxes\Data Management Tools.tbx\CalculateField" Date="20190331" Time="163921">CalculateField "מסילות רכבת כבדה - תכנית אסטרטגית" SEGMENT ""טמרה - אחיהוד" &amp; "_" &amp; [OBJECTID]" VB #</Process><Process ToolSource="c:\program files (x86)\arcgis\desktop10.4\ArcToolbox\Toolboxes\Data Management Tools.tbx\CalculateField" Date="20190331" Time="163943">CalculateField "מסילות רכבת כבדה - תכנית אסטרטגית" SEGMENT ""טמרה - שפרעם" &amp; "_" &amp; [OBJECTID]" VB #</Process><Process ToolSource="c:\program files (x86)\arcgis\desktop10.4\ArcToolbox\Toolboxes\Data Management Tools.tbx\CalculateField" Date="20190331" Time="164002">CalculateField "מסילות רכבת כבדה - תכנית אסטרטגית" SEGMENT ""קרית אתא - שפרעם" &amp; "_" &amp; [OBJECTID]" VB #</Process><Process ToolSource="c:\program files (x86)\arcgis\desktop10.4\ArcToolbox\Toolboxes\Data Management Tools.tbx\CalculateField" Date="20190331" Time="164023">CalculateField "מסילות רכבת כבדה - תכנית אסטרטגית" SEGMENT ""קרית אתא - נשר" &amp; "_" &amp; [OBJECTID]" VB #</Process><Process ToolSource="c:\program files (x86)\arcgis\desktop10.4\ArcToolbox\Toolboxes\Data Management Tools.tbx\CalculateField" Date="20190331" Time="164107">CalculateField "מסילות רכבת כבדה - תכנית אסטרטגית" SEGMENT ""עמיעד - כרמיאל" &amp; "_" &amp; [OBJECTID]" VB #</Process><Process ToolSource="c:\program files (x86)\arcgis\desktop10.4\ArcToolbox\Toolboxes\Data Management Tools.tbx\CalculateField" Date="20190331" Time="164125">CalculateField "מסילות רכבת כבדה - תכנית אסטרטגית" SEGMENT ""עמיעד - ראש פינה" &amp; "_" &amp; [OBJECTID]" VB #</Process><Process ToolSource="c:\program files (x86)\arcgis\desktop10.4\ArcToolbox\Toolboxes\Data Management Tools.tbx\CalculateField" Date="20190331" Time="164145">CalculateField "מסילות רכבת כבדה - תכנית אסטרטגית" SEGMENT ""גונן - ראש פינה" &amp; "_" &amp; [OBJECTID]" VB #</Process><Process ToolSource="c:\program files (x86)\arcgis\desktop10.4\ArcToolbox\Toolboxes\Data Management Tools.tbx\CalculateField" Date="20190331" Time="164205">CalculateField "מסילות רכבת כבדה - תכנית אסטרטגית" SEGMENT ""גונן - קרית שמונה" &amp; "_" &amp; [OBJECTID]" VB #</Process><Process ToolSource="c:\program files (x86)\arcgis\desktop10.4\ArcToolbox\Toolboxes\Data Management Tools.tbx\CalculateField" Date="20190331" Time="164236">CalculateField "מסילות רכבת כבדה - תכנית אסטרטגית" SEGMENT ""נהריה - עכו" &amp; "_" &amp; [OBJECTID]" VB #</Process><Process ToolSource="c:\program files (x86)\arcgis\desktop10.4\ArcToolbox\Toolboxes\Data Management Tools.tbx\CalculateField" Date="20190331" Time="164352">CalculateField "מסילות רכבת כבדה - תכנית אסטרטגית" SEGMENT ""כפר יהושע - נשר" &amp; "_" &amp; [OBJECTID]" VB #</Process><Process ToolSource="c:\program files (x86)\arcgis\desktop10.4\ArcToolbox\Toolboxes\Data Management Tools.tbx\CalculateField" Date="20190331" Time="164621">CalculateField "מסילות רכבת כבדה - תכנית אסטרטגית" ISACTIVE [Active_ind] VB #</Process><Process ToolSource="c:\program files (x86)\arcgis\desktop10.4\ArcToolbox\Toolboxes\Data Management Tools.tbx\CalculateField" Date="20190331" Time="164820">CalculateField "מסילות רכבת כבדה - תכנית אסטרטגית" UPGRAD [UPGRADING] VB #</Process><Process ToolSource="c:\program files (x86)\arcgis\desktop10.4\ArcToolbox\Toolboxes\Data Management Tools.tbx\CalculateField" Date="20190605" Time="082306">CalculateField "מסילות רכבת כבדה - תכנית אסטרטגית" ISACTIVE "פעיל" VB #</Process><Process ToolSource="c:\program files (x86)\arcgis\desktop10.4\ArcToolbox\Toolboxes\Data Management Tools.tbx\CalculateField" Date="20190605" Time="082359">CalculateField "מסילות רכבת כבדה - תכנית אסטרטגית" UPGRAD "שדרוג בין 2030 ל-2040" VB #</Process><Process ToolSource="c:\program files (x86)\arcgis\desktop10.4\ArcToolbox\Toolboxes\Data Management Tools.tbx\CalculateField" Date="20190605" Time="082435">CalculateField "מסילות רכבת כבדה - תכנית אסטרטגית" UPGRADE "שדרוג 2040" VB #</Process><Process ToolSource="c:\program files (x86)\arcgis\desktop10.4\ArcToolbox\Toolboxes\Data Management Tools.tbx\CopyFeatures" Date="20190915" Time="165841">CopyFeatures K:\Ilya\SOURCE\GEOMOT_201909.gdb\RAIL_STRATEGIC K:\Ilya\SHP\RAIL_STRATEGIC.shp # 0 0 0</Process></lineage></DataProperties><SyncDate>20190915</SyncDate><SyncTime>16584100</SyncTime><ModDate>20190915</ModDate><ModTime>16584100</ModTime></Esri><dataIdInfo><envirDesc Sync="TRUE"> Version 6.2 (Build 9200) ; Esri ArcGIS 10.4.1.5686</envirDesc><dataLang><languageCode value="heb" Sync="TRUE"></languageCode><countryCode value="ISR" Sync="TRUE"></countryCode></dataLang><idCitation><resTitle Sync="TRUE">RAIL_STRATEGIC</resTitle><presForm><PresFormCd value="005" Sync="TRUE"></PresFormCd></presForm></idCitation><spatRpType><SpatRepTypCd value="001" Sync="TRUE"></SpatRepTypCd></spatRpType></dataIdInfo><mdLang><languageCode value="heb" Sync="TRUE"></languageCode><countryCode value="ISR" Sync="TRUE"></countryCode></mdLang><distInfo><distFormat><formatName Sync="TRUE">Shapefile</formatName></distFormat><distTranOps><transSize Sync="TRUE">0.000</transSize></distTranOps></distInfo><mdHrLv><ScopeCd value="005" Sync="TRUE"></ScopeCd></mdHrLv><mdHrLvName Sync="TRUE">dataset</mdHrLvName><refSysInfo><RefSystem><refSysID><identCode code="2039" Sync="TRUE" value="2039"></identCode><idCodeSpace Sync="TRUE">EPSG</idCodeSpace><idVersion Sync="TRUE">8.6(8.1.0)</idVersion></refSysID></RefSystem></refSysInfo><spatRepInfo><VectSpatRep><geometObjs Name="RAIL_STRATEGIC"><geoObjTyp><GeoObjTypCd value="002" Sync="TRUE"></GeoObjTypCd></geoObjTyp><geoObjCnt Sync="TRUE">0</geoObjCnt></geometObjs><topLvl><TopoLevCd value="001" Sync="TRUE"></TopoLevCd></topLvl></VectSpatRep></spatRepInfo><spdoinfo><ptvctinf><esriterm Name="RAIL_STRATEGIC"><efeatyp Sync="TRUE">Simple</efeatyp><efeageom code="3" Sync="TRUE"></efeageom><esritopo Sync="TRUE">FALSE</esritopo><efeacnt Sync="TRUE">0</efeacnt><spindex Sync="TRUE">FALSE</spindex><linrefer Sync="TRUE">FALSE</linrefer></esriterm></ptvctinf></spdoinfo><eainfo><detailed Name="RAIL_STRATEGIC"><enttyp><enttypl Sync="TRUE">RAIL_STRATEGIC</enttypl><enttypt Sync="TRUE">Feature Class</enttypt><enttypc Sync="TRUE">0</enttypc></enttyp><attr><attrlabl Sync="TRUE">FID</attrlabl><attalias Sync="TRUE">FID</attalias><attrtype Sync="TRUE">OID</attrtype><attwidth Sync="TRUE">4</attwidth><atprecis Sync="TRUE">0</atprecis><attscale Sync="TRUE">0</attscale><attrdef Sync="TRUE">Internal feature number.</attrdef><attrdefs Sync="TRUE">Esri</attrdefs><attrdomv><udom Sync="TRUE">Sequential unique whole numbers that are automatically generated.</udom></attrdomv></attr><attr><attrlabl Sync="TRUE">UPGRADE</attrlabl><attalias Sync="TRUE">UPGRADE</attalias><attrtype Sync="TRUE">String</attrtype><attwidth Sync="TRUE">50</attwidth><atprecis Sync="TRUE">0</atprecis><attscale Sync="TRUE">0</attscale></attr><attr><attrlabl Sync="TRUE">SHAPE_LENG</attrlabl><attalias Sync="TRUE">SHAPE_LENG</attalias><attrtype Sync="TRUE">Double</attrtype><attwidth Sync="TRUE">19</attwidth><atprecis Sync="TRUE">0</atprecis><attscale Sync="TRUE">0</attscale></attr><attr><attrlabl Sync="TRUE">SHAPE</attrlabl><attalias Sync="TRUE">Shape</attalias><attrtype Sync="TRUE">Geometry</attrtype><attwidth Sync="TRUE">0</attwidth><atprecis Sync="TRUE">0</atprecis><attscale Sync="TRUE">0</attscale><attrdef Sync="TRUE">Feature geometry.</attrdef><attrdefs Sync="TRUE">Esri</attrdefs><attrdomv><udom Sync="TRUE">Coordinates defining the features.</udom></attrdomv></attr><attr><attrlabl Sync="TRUE">SHAPE_Le_1</attrlabl><attalias Sync="TRUE">SHAPE_Le_1</attalias><attrtype Sync="TRUE">Double</attrtype><attwidth Sync="TRUE">19</attwidth><atprecis Sync="TRUE">0</atprecis><attscale Sync="TRUE">0</attscale></attr><attr><attrlabl Sync="TRUE">SEGMENT</attrlabl><attalias Sync="TRUE">SEGMENT</attalias><attrtype Sync="TRUE">String</attrtype><attwidth Sync="TRUE">50</attwidth><atprecis Sync="TRUE">0</atprecis><attscale Sync="TRUE">0</attscale></attr><attr><attrlabl Sync="TRUE">ISACTIVE</attrlabl><attalias Sync="TRUE">ISACTIVE</attalias><attrtype Sync="TRUE">String</attrtype><attwidth Sync="TRUE">50</attwidth><atprecis Sync="TRUE">0</atprecis><attscale Sync="TRUE">0</attscale></attr><attr><attrlabl Sync="TRUE">UPGRAD</attrlabl><attalias Sync="TRUE">UPGRAD</attalias><attrtype Sync="TRUE">String</attrtype><attwidth Sync="TRUE">50</attwidth><atprecis Sync="TRUE">0</atprecis><attscale Sync="TRUE">0</attscale></attr></detailed></eainfo><mdDateSt Sync="TRUE">20190915</mdDateSt></metadata>
